id;fecha_creacion;fecha_emision;name;nasa_jpl_url;absolute_magnitude_h;relative_velocity;miss_distance;estimated_diameter_min_kilometers;estimated_diameter_max_kilometers
2313809;2024-05-19;2024-05-18;313809 (2004 BH41);https://ssd.jpl.nasa.gov/tools/sbdb_lookup.html#/?sstr=2313809;19.32;86386.1361859854;72724832.99765824;0.3635423218;0.8129053443
3261401;2024-05-19;2024-05-18;(2004 VZ);https://ssd.jpl.nasa.gov/tools/sbdb_lookup.html#/?sstr=3261401;24.6;39203.2909795824;28474383.98630201;0.0319561887;0.0714562102
3841884;2024-05-19;2024-05-18;(2019 JD6);https://ssd.jpl.nasa.gov/tools/sbdb_lookup.html#/?sstr=3841884;24.88;45560.0698129019;38229014.886042766;0.0280902094;0.0628116177
54016987;2024-05-19;2024-05-18;(2020 JZ);https://ssd.jpl.nasa.gov/tools/sbdb_lookup.html#/?sstr=54016987;22.87;82819.6218603979;42858382.60751521;0.0708851033;0.1585039096
54159392;2024-05-19;2024-05-18;(2021 LO5);https://ssd.jpl.nasa.gov/tools/sbdb_lookup.html#/?sstr=54159392;20.67;12352.7604867545;69719156.51555286;0.1952337862;0.4365560173
54356994;2024-05-19;2024-05-18;(2023 HU5);https://ssd.jpl.nasa.gov/tools/sbdb_lookup.html#/?sstr=54356994;27.58;18251.9062379792;25521596.380035806;0.0081013049;0.0181150684
54434077;2024-05-19;2024-05-18;(2024 GG5);https://ssd.jpl.nasa.gov/tools/sbdb_lookup.html#/?sstr=54434077;23.15;14812.5211335293;49949939.09576384;0.0623096019;0.1393285055
54434349;2024-05-19;2024-05-18;(2024 GE6);https://ssd.jpl.nasa.gov/tools/sbdb_lookup.html#/?sstr=54434349;24.57;12074.9478014715;9935035.174873896;0.0324007435;0.0724502651
54439709;2024-05-19;2024-05-18;(2024 JL1);https://ssd.jpl.nasa.gov/tools/sbdb_lookup.html#/?sstr=54439709;23.064;26405.2705570964;31862549.02623004;0.0648268586;0.1449572625
54439716;2024-05-19;2024-05-18;(2024 JQ1);https://ssd.jpl.nasa.gov/tools/sbdb_lookup.html#/?sstr=54439716;27.085;10763.4543958213;2173652.174209438;0.0101754817;0.0227530687
54439897;2024-05-19;2024-05-18;(2024 JJ2);https://ssd.jpl.nasa.gov/tools/sbdb_lookup.html#/?sstr=54439897;23.986;38906.0745628018;16931816.74502399;0.0423989378;0.0948069071
54442148;2024-05-19;2024-05-18;(2024 JH17);https://ssd.jpl.nasa.gov/tools/sbdb_lookup.html#/?sstr=54442148;24.903;53252.8003806246;8620822.5992568;0.0277942511;0.0621498348
2523586;2024-05-19;2024-05-19;523586 (1999 LK1);https://ssd.jpl.nasa.gov/tools/sbdb_lookup.html#/?sstr=2523586;22.15;62194.3397826286;37197470.821823165;0.0987540639;0.2208207999
3704265;2024-05-19;2024-05-19;(2015 BS4);https://ssd.jpl.nasa.gov/tools/sbdb_lookup.html#/?sstr=3704265;21.62;64908.1477095566;37293058.32563198;0.1260535197;0.2818642388
3709135;2024-05-19;2024-05-19;(2015 BF511);https://ssd.jpl.nasa.gov/tools/sbdb_lookup.html#/?sstr=3709135;24.8;26297.1206150842;17436633.889671344;0.0291443905;0.0651688382
3836258;2024-05-19;2024-05-19;(2018 WB);https://ssd.jpl.nasa.gov/tools/sbdb_lookup.html#/?sstr=3836258;23.09;41277.5271053356;43391093.48676681;0.0640552863;0.1432319745
3892190;2024-05-19;2024-05-19;(2019 UD14);https://ssd.jpl.nasa.gov/tools/sbdb_lookup.html#/?sstr=3892190;20.69;46593.2879497055;38475665.04739568;0.193443872;0.4325536477
54139085;2024-05-19;2024-05-19;(2021 HU1);https://ssd.jpl.nasa.gov/tools/sbdb_lookup.html#/?sstr=54139085;26.51;52473.9818078298;34753170.998261146;0.0132603497;0.0296510433
54184277;2024-05-19;2024-05-19;(2021 PQ6);https://ssd.jpl.nasa.gov/tools/sbdb_lookup.html#/?sstr=54184277;22.95;28003.9214817015;45105914.37797435;0.0683211199;0.1527706684
54213628;2024-05-19;2024-05-19;(2021 UQ4);https://ssd.jpl.nasa.gov/tools/sbdb_lookup.html#/?sstr=54213628;24.3;53016.8772900784;53493507.824227616;0.0366906138;0.0820427065
54435731;2024-05-19;2024-05-19;(2024 GQ7);https://ssd.jpl.nasa.gov/tools/sbdb_lookup.html#/?sstr=54435731;23.146;40913.2857680809;8566134.74919174;0.0624244862;0.1395853946
54441088;2024-05-19;2024-05-19;(2024 JK8);https://ssd.jpl.nasa.gov/tools/sbdb_lookup.html#/?sstr=54441088;26.783;35350.413049632;2287660.636137503;0.0116937816;0.0261480905
2363267;2024-05-19;2024-05-16;363267 (2002 GS);https://ssd.jpl.nasa.gov/tools/sbdb_lookup.html#/?sstr=2363267;20.02;36975.8097837835;46925559.96275001;0.263363131;0.5888978636
3092231;2024-05-19;2024-05-16;(1999 RP28);https://ssd.jpl.nasa.gov/tools/sbdb_lookup.html#/?sstr=3092231;22.6;18029.0104571614;67239320.92971508;0.0802703167;0.1794898848
3626735;2024-05-19;2024-05-16;(2013 CN118);https://ssd.jpl.nasa.gov/tools/sbdb_lookup.html#/?sstr=3626735;25.47;87547.7669592956;72545099.53433396;0.021406959;0.0478674154
3774091;2024-05-19;2024-05-16;(2017 HP3);https://ssd.jpl.nasa.gov/tools/sbdb_lookup.html#/?sstr=3774091;21.57;56886.3493234416;8950051.832034806;0.1289896833;0.2884297004
3841719;2024-05-19;2024-05-16;(2019 JX1);https://ssd.jpl.nasa.gov/tools/sbdb_lookup.html#/?sstr=3841719;29.1;86791.2905273011;53773132.87167848;0.0040230458;0.0089958039
54323522;2024-05-19;2024-05-16;(2022 UO28);https://ssd.jpl.nasa.gov/tools/sbdb_lookup.html#/?sstr=54323522;27.95;94408.4628091364;74645326.60558254;0.006832112;0.0152770668
54420441;2024-05-19;2024-05-16;(2024 AD4);https://ssd.jpl.nasa.gov/tools/sbdb_lookup.html#/?sstr=54420441;24.81;52902.7019964436;62837384.546196446;0.0290104841;0.0648694146
54439137;2024-05-19;2024-05-16;(2024 HS2);https://ssd.jpl.nasa.gov/tools/sbdb_lookup.html#/?sstr=54439137;23.932;27259.6407914702;12979787.443411548;0.0434665305;0.097194117
54441877;2024-05-19;2024-05-16;(2024 JQ16);https://ssd.jpl.nasa.gov/tools/sbdb_lookup.html#/?sstr=54441877;26.895;22078.8864686694;2686405.336262422;0.0111059311;0.024833617
54442109;2024-05-19;2024-05-16;(2024 JW16);https://ssd.jpl.nasa.gov/tools/sbdb_lookup.html#/?sstr=54442109;20.998;93784.5722974399;12475411.23848602;0.1678629985;0.3753530756
2381677;2024-05-19;2024-05-17;381677 (2009 BJ81);https://ssd.jpl.nasa.gov/tools/sbdb_lookup.html#/?sstr=2381677;18.32;33175.4614887166;18126066.713889148;0.5761757511;1.2883681464
2410777;2024-05-19;2024-05-17;410777 (2009 FD);https://ssd.jpl.nasa.gov/tools/sbdb_lookup.html#/?sstr=2410777;22.18;44069.3728655414;50277013.55074193;0.0973991073;0.217791025
3306404;2024-05-19;2024-05-17;(2005 XN4);https://ssd.jpl.nasa.gov/tools/sbdb_lookup.html#/?sstr=3306404;19.89;98837.6852407198;72389638.31045738;0.2796114661;0.6252302454
3564040;2024-05-19;2024-05-17;(2011 HO5);https://ssd.jpl.nasa.gov/tools/sbdb_lookup.html#/?sstr=3564040;24.3;23257.3677961149;11627694.114027089;0.0366906138;0.0820427065
3566699;2024-05-19;2024-05-17;(2011 KY15);https://ssd.jpl.nasa.gov/tools/sbdb_lookup.html#/?sstr=3566699;24.42;75094.8457339483;37620663.61369199;0.0347180222;0.0776318577
3603632;2024-05-19;2024-05-17;(2012 JU4);https://ssd.jpl.nasa.gov/tools/sbdb_lookup.html#/?sstr=3603632;20.91;31306.1105982207;67759924.0305593;0.1748054532;0.3908768761
3841762;2024-05-19;2024-05-17;(2019 JZ2);https://ssd.jpl.nasa.gov/tools/sbdb_lookup.html#/?sstr=3841762;26.85;101119.0881784979;41951297.04475423;0.0113384836;0.0253536201
3956451;2024-05-19;2024-05-17;(2019 YS3);https://ssd.jpl.nasa.gov/tools/sbdb_lookup.html#/?sstr=3956451;24.63;21657.2547048661;29100879.99926488;0.0315177333;0.0704757942
54136472;2024-05-19;2024-05-17;(2021 GS6);https://ssd.jpl.nasa.gov/tools/sbdb_lookup.html#/?sstr=54136472;26.72;82909.1898249815;70115021.12756497;0.0120380177;0.0269178258
54248637;2024-05-19;2024-05-17;(2022 DB4);https://ssd.jpl.nasa.gov/tools/sbdb_lookup.html#/?sstr=54248637;24.86;11082.1963949659;70750030.71043018;0.0283501249;0.0633928065
54327902;2024-05-19;2024-05-17;(2022 WN2);https://ssd.jpl.nasa.gov/tools/sbdb_lookup.html#/?sstr=54327902;28.95;19695.9393033117;5245950.093027422;0.0043107712;0.0096391775
54439326;2024-05-19;2024-05-17;(2024 JK);https://ssd.jpl.nasa.gov/tools/sbdb_lookup.html#/?sstr=54439326;23.251;46176.1064532144;17430194.853271443;0.059477811;0.1329964286
54439330;2024-05-19;2024-05-17;(2024 JO);https://ssd.jpl.nasa.gov/tools/sbdb_lookup.html#/?sstr=54439330;25.512;25262.4429234296;10554170.060085751;0.0209968902;0.0469504737
54440652;2024-05-19;2024-05-17;(2024 JG6);https://ssd.jpl.nasa.gov/tools/sbdb_lookup.html#/?sstr=54440652;26.456;26676.0433797706;4298757.640515187;0.0135942414;0.0303976478
54441085;2024-05-19;2024-05-17;(2024 JG8);https://ssd.jpl.nasa.gov/tools/sbdb_lookup.html#/?sstr=54441085;27.314;21833.7970515883;2379394.139780225;0.0091570372;0.0204757576
54442147;2024-05-19;2024-05-17;(2024 JG17);https://ssd.jpl.nasa.gov/tools/sbdb_lookup.html#/?sstr=54442147;27.392;28451.4927891611;1830892.113285673;0.0088339508;0.0197533145
54442252;2024-05-19;2024-05-17;(2024 JQ17);https://ssd.jpl.nasa.gov/tools/sbdb_lookup.html#/?sstr=54442252;25.823;33367.3684305883;3900623.135142211;0.0181951222;0.0406855301
54442319;2024-05-19;2024-05-17;(2024 JT17);https://ssd.jpl.nasa.gov/tools/sbdb_lookup.html#/?sstr=54442319;25.912;27299.5713593754;3676618.68047586;0.0174644526;0.0390517031
3696402;2024-05-19;2024-05-14;(2014 WF6);https://ssd.jpl.nasa.gov/tools/sbdb_lookup.html#/?sstr=3696402;24.41;68122.2238716744;2740313.88614329;0.0348782733;0.0779901901
3719475;2024-05-19;2024-05-14;(2015 KJ19);https://ssd.jpl.nasa.gov/tools/sbdb_lookup.html#/?sstr=3719475;22.5;83174.9081464908;6042622.030676432;0.0840533402;0.1879489824
3740497;2024-05-19;2024-05-14;(2016 AH193);https://ssd.jpl.nasa.gov/tools/sbdb_lookup.html#/?sstr=3740497;20.81;132451.4785688608;61891674.24954102;0.1830437804;0.4092983358
54088799;2024-05-19;2024-05-14;(2020 WB);https://ssd.jpl.nasa.gov/tools/sbdb_lookup.html#/?sstr=54088799;27.6;28873.6469307978;71431726.51232901;0.0080270317;0.0179489885
54322868;2024-05-19;2024-05-14;(2022 US21);https://ssd.jpl.nasa.gov/tools/sbdb_lookup.html#/?sstr=54322868;21.83;72457.822234724;67507698.77546552;0.1144339731;0.2558821427
54341464;2024-05-19;2024-05-14;(2023 CD1);https://ssd.jpl.nasa.gov/tools/sbdb_lookup.html#/?sstr=54341464;23.75;64414.2254657108;67978860.10939005;0.0472666667;0.1056914799
54439428;2024-05-19;2024-05-14;(2024 HE3);https://ssd.jpl.nasa.gov/tools/sbdb_lookup.html#/?sstr=54439428;24.905;14631.8465009933;16951683.147682756;0.0277686634;0.0620926191
54440655;2024-05-19;2024-05-14;(2024 JW6);https://ssd.jpl.nasa.gov/tools/sbdb_lookup.html#/?sstr=54440655;26.642;30885.435145327;2176804.231249912;0.0124782872;0.0279022984
54441087;2024-05-19;2024-05-14;(2024 JJ8);https://ssd.jpl.nasa.gov/tools/sbdb_lookup.html#/?sstr=54441087;24.433;18566.2438006069;22831292.298884384;0.034510796;0.0771684858
54441868;2024-05-19;2024-05-14;(2024 JD15);https://ssd.jpl.nasa.gov/tools/sbdb_lookup.html#/?sstr=54441868;26.849;70188.4212515618;1688035.377624252;0.0113437064;0.0253652986
54441874;2024-05-19;2024-05-14;(2024 JN16);https://ssd.jpl.nasa.gov/tools/sbdb_lookup.html#/?sstr=54441874;29.548;33347.7418355905;24977.189490514;0.0032730676;0.0073188017
54442110;2024-05-19;2024-05-14;(2024 JZ16);https://ssd.jpl.nasa.gov/tools/sbdb_lookup.html#/?sstr=54442110;23.739;83800.9477945724;10443123.501345605;0.0475067124;0.1062282382
54442508;2024-05-19;2024-05-14;(2024 KA);https://ssd.jpl.nasa.gov/tools/sbdb_lookup.html#/?sstr=54442508;25.155;71260.8685349252;5691384.153741258;0.0247488473;0.055340105
2086667;2024-05-19;2024-05-15;86667 (2000 FO10);https://ssd.jpl.nasa.gov/tools/sbdb_lookup.html#/?sstr=2086667;17.54;53153.9768267971;29536783.927670367;0.8251919385;1.845185269
3587874;2024-05-19;2024-05-15;(2011 WC);https://ssd.jpl.nasa.gov/tools/sbdb_lookup.html#/?sstr=3587874;22.7;20937.141534974;39485957.01380627;0.0766575574;0.1714115092
3617959;2024-05-19;2024-05-15;(2012 VJ77);https://ssd.jpl.nasa.gov/tools/sbdb_lookup.html#/?sstr=3617959;23.0;81180.171038484;58799111.130062416;0.0667659413;0.1492931834
3772992;2024-05-19;2024-05-15;(2017 FS101);https://ssd.jpl.nasa.gov/tools/sbdb_lookup.html#/?sstr=3772992;24.09;29562.7670015033;18574073.96268549;0.0404161533;0.0903732663
3791307;2024-05-19;2024-05-15;(2017 UM52);https://ssd.jpl.nasa.gov/tools/sbdb_lookup.html#/?sstr=3791307;29.53;48138.3083620058;55126636.250746414;0.0033003118;0.0073797216
54017120;2024-05-19;2024-05-15;(2020 KP1);https://ssd.jpl.nasa.gov/tools/sbdb_lookup.html#/?sstr=54017120;23.1;60524.1145646626;18271826.93477025;0.063760979;0.1425738833
54142835;2024-05-19;2024-05-15;(2021 JJ);https://ssd.jpl.nasa.gov/tools/sbdb_lookup.html#/?sstr=54142835;25.53;20630.1646164441;6423014.378265278;0.0208235599;0.0465628955
54146233;2024-05-19;2024-05-15;(2021 JN10);https://ssd.jpl.nasa.gov/tools/sbdb_lookup.html#/?sstr=54146233;25.17;48305.747420586;5647543.39091352;0.0245784775;0.0549591464
54278663;2024-05-19;2024-05-15;(2022 JG2);https://ssd.jpl.nasa.gov/tools/sbdb_lookup.html#/?sstr=54278663;22.15;49754.2106005225;37058494.07147785;0.0987540639;0.2208207999
54392937;2024-05-19;2024-05-15;(2023 TA8);https://ssd.jpl.nasa.gov/tools/sbdb_lookup.html#/?sstr=54392937;21.49;51678.2151216608;61802214.10992976;0.1338304618;0.2992540101
2679756;2024-05-19;2024-05-15;679756 (2020 KP1);https://ssd.jpl.nasa.gov/tools/sbdb_lookup.html#/?sstr=2679756;23.14;60524.1148574689;18271826.94973004;0.06259721;0.1399716167
54438663;2024-05-19;2024-05-15;(2024 HA2);https://ssd.jpl.nasa.gov/tools/sbdb_lookup.html#/?sstr=54438663;24.374;21560.2321382856;13084439.02232451;0.0354613265;0.0792939365
54441872;2024-05-19;2024-05-15;(2024 JH15);https://ssd.jpl.nasa.gov/tools/sbdb_lookup.html#/?sstr=54441872;27.317;50862.5888273334;532310.301035102;0.009144395;0.0204474888
54442111;2024-05-19;2024-05-15;(2024 JY16);https://ssd.jpl.nasa.gov/tools/sbdb_lookup.html#/?sstr=54442111;25.028;60501.4265076588;336224.399259631;0.026239465;0.0586732275
54442112;2024-05-19;2024-05-15;(2024 JB17);https://ssd.jpl.nasa.gov/tools/sbdb_lookup.html#/?sstr=54442112;22.154;33152.8915450044;20101331.52781168;0.0985723196;0.2204144074
54442250;2024-05-19;2024-05-15;(2024 JP17);https://ssd.jpl.nasa.gov/tools/sbdb_lookup.html#/?sstr=54442250;26.755;37507.1830201454;2073018.958642333;0.0118455431;0.0264874396
54442318;2024-05-19;2024-05-15;(2024 JS17);https://ssd.jpl.nasa.gov/tools/sbdb_lookup.html#/?sstr=54442318;26.036;40042.7836536305;2956198.003868384;0.0164951009;0.0368841669
2275545;2024-05-19;2024-05-12;275545 (1998 UN1);https://ssd.jpl.nasa.gov/tools/sbdb_lookup.html#/?sstr=2275545;18.2;60658.7477181995;57515926.54394352;0.6089126221;1.3615700154
3174187;2024-05-19;2024-05-12;(2004 BT58);https://ssd.jpl.nasa.gov/tools/sbdb_lookup.html#/?sstr=3174187;22.19;64961.5766907038;48321291.1852907;0.0969515991;0.2167903661
3717100;2024-05-19;2024-05-12;(2015 HF11);https://ssd.jpl.nasa.gov/tools/sbdb_lookup.html#/?sstr=3717100;19.35;67618.9829706448;33887405.57893692;0.3585543342;0.8017518649
3973542;2024-05-19;2024-05-12;(2020 AC1);https://ssd.jpl.nasa.gov/tools/sbdb_lookup.html#/?sstr=3973542;28.39;18164.5149590046;34053892.988620766;0.0055789822;0.0124749835
54143223;2024-05-19;2024-05-12;(2021 JW);https://ssd.jpl.nasa.gov/tools/sbdb_lookup.html#/?sstr=54143223;27.6;86992.344495625;25661489.55197296;0.0080270317;0.0179489885
54278698;2024-05-19;2024-05-12;(2022 JJ2);https://ssd.jpl.nasa.gov/tools/sbdb_lookup.html#/?sstr=54278698;23.65;83424.1516004786;54924451.51308721;0.0494942761;0.1106725658
54317178;2024-05-19;2024-05-12;(2022 TH3);https://ssd.jpl.nasa.gov/tools/sbdb_lookup.html#/?sstr=54317178;22.78;36756.0545694818;28738561.841932632;0.0738847787;0.1652113876
54392414;2024-05-19;2024-05-12;(2023 TH4);https://ssd.jpl.nasa.gov/tools/sbdb_lookup.html#/?sstr=54392414;27.03;16822.3025192896;30458183.20911017;0.0104365024;0.0233367288
54435198;2024-05-19;2024-05-12;(2024 HF);https://ssd.jpl.nasa.gov/tools/sbdb_lookup.html#/?sstr=54435198;23.68;20429.0916067772;29491796.601887587;0.0488151892;0.1091540813
54438500;2024-05-19;2024-05-12;(2024 GH9);https://ssd.jpl.nasa.gov/tools/sbdb_lookup.html#/?sstr=54438500;22.85;58397.3658181004;16706248.917817203;0.0715409951;0.1599705282
54439329;2024-05-19;2024-05-12;(2024 JN);https://ssd.jpl.nasa.gov/tools/sbdb_lookup.html#/?sstr=54439329;28.243;11729.573287538;1688815.949390338;0.005969734;0.0133487309
54441089;2024-05-19;2024-05-12;(2024 JL8);https://ssd.jpl.nasa.gov/tools/sbdb_lookup.html#/?sstr=54441089;24.667;56026.5587127256;13539966.301729375;0.030985248;0.0692851208
2481052;2024-05-19;2024-05-13;481052 (2005 HD4);https://ssd.jpl.nasa.gov/tools/sbdb_lookup.html#/?sstr=2481052;20.61;50628.7254327865;32414003.02261393;0.2007035141;0.4487867009
3684633;2024-05-19;2024-05-13;(2014 QP363);https://ssd.jpl.nasa.gov/tools/sbdb_lookup.html#/?sstr=3684633;20.82;63582.8777331653;29005947.71916688;0.1822027706;0.4074177807
3691712;2024-05-19;2024-05-13;(2014 SD304);https://ssd.jpl.nasa.gov/tools/sbdb_lookup.html#/?sstr=3691712;25.1;16629.1880013524;41246392.59938401;0.0253837029;0.0567596853
3752567;2024-05-19;2024-05-13;(2016 HD19);https://ssd.jpl.nasa.gov/tools/sbdb_lookup.html#/?sstr=3752567;18.89;135006.4429874104;45083945.76620719;0.4431543091;0.9909231597
3774612;2024-05-19;2024-05-13;(2017 JF3);https://ssd.jpl.nasa.gov/tools/sbdb_lookup.html#/?sstr=3774612;21.74;82016.0660675552;60916411.71645538;0.1192765246;0.2667104172
3781414;2024-05-19;2024-05-13;(2017 RX2);https://ssd.jpl.nasa.gov/tools/sbdb_lookup.html#/?sstr=3781414;26.55;43743.761245094;74665801.57237646;0.013018321;0.0291098508
3785686;2024-05-19;2024-05-13;(2017 TG2);https://ssd.jpl.nasa.gov/tools/sbdb_lookup.html#/?sstr=3785686;21.67;115821.2115115114;68017057.29257204;0.1231841913;0.2754482254
3825489;2024-05-19;2024-05-13;(2018 MG7);https://ssd.jpl.nasa.gov/tools/sbdb_lookup.html#/?sstr=3825489;21.39;43330.5161287196;67695103.88683957;0.1401376972;0.3133574171
3840758;2024-05-19;2024-05-13;(2019 GA);https://ssd.jpl.nasa.gov/tools/sbdb_lookup.html#/?sstr=3840758;23.6;43220.0715158045;49542929.51723568;0.0506471459;0.1132504611
54278350;2024-05-19;2024-05-13;(2022 JQ1);https://ssd.jpl.nasa.gov/tools/sbdb_lookup.html#/?sstr=54278350;26.21;28091.9503265931;26062599.8282564;0.0152249185;0.0340439527
54340430;2024-05-19;2024-05-13;(2023 BU7);https://ssd.jpl.nasa.gov/tools/sbdb_lookup.html#/?sstr=54340430;30.71;38138.4395785375;48515495.3403388;0.0019167037;0.0042858797
2620097;2024-05-19;2024-05-13;620097 (2016 HD19);https://ssd.jpl.nasa.gov/tools/sbdb_lookup.html#/?sstr=2620097;18.89;135006.4430553697;45083945.81108655;0.4431543091;0.9909231597
54415862;2024-05-19;2024-05-13;(2023 XN7);https://ssd.jpl.nasa.gov/tools/sbdb_lookup.html#/?sstr=54415862;21.88;52829.3037851291;70324451.84749465;0.1118291378;0.250057554
54439889;2024-05-19;2024-05-13;(2024 JB2);https://ssd.jpl.nasa.gov/tools/sbdb_lookup.html#/?sstr=54439889;23.278;63772.6229501306;4437004.742209363;0.0587428451;0.1313529947
54440320;2024-05-19;2024-05-13;(2024 JO3);https://ssd.jpl.nasa.gov/tools/sbdb_lookup.html#/?sstr=54440320;24.771;33323.6301070381;9045238.667868394;0.0295362242;0.0660450052
54441264;2024-05-19;2024-05-13;(2024 JP10);https://ssd.jpl.nasa.gov/tools/sbdb_lookup.html#/?sstr=54441264;23.563;91173.9053185938;7198981.103038642;0.0515175233;0.1151966842
54441269;2024-05-19;2024-05-13;(2024 JQ12);https://ssd.jpl.nasa.gov/tools/sbdb_lookup.html#/?sstr=54441269;28.442;10662.2434290723;1789650.134736001;0.0054469699;0.012179795
54441876;2024-05-19;2024-05-13;(2024 JP16);https://ssd.jpl.nasa.gov/tools/sbdb_lookup.html#/?sstr=54441876;26.381;19385.7051094572;4724590.341116533;0.0140719725;0.031465887
2478784;2024-06-02;2024-05-29;478784 (2012 UV136);https://ssd.jpl.nasa.gov/tools/sbdb_lookup.html#/?sstr=2478784;25.6;41072.8285341367;38689550.52261779;0.0201629919;0.0450858206
3092479;2024-06-02;2024-05-29;(2001 VH5);https://ssd.jpl.nasa.gov/tools/sbdb_lookup.html#/?sstr=3092479;21.18;51223.8597135088;47715852.05987628;0.1543671822;0.3451755128
3472549;2024-06-02;2024-05-29;(2009 UK20);https://ssd.jpl.nasa.gov/tools/sbdb_lookup.html#/?sstr=3472549;26.3;12712.1048840399;23883789.100615326;0.0146067964;0.0326617897
3827311;2024-06-02;2024-05-29;(2018 RY1);https://ssd.jpl.nasa.gov/tools/sbdb_lookup.html#/?sstr=3827311;24.44;25376.0645244742;48449174.47566659;0.0343997255;0.0769201245
3835821;2024-06-02;2024-05-29;(2018 UA3);https://ssd.jpl.nasa.gov/tools/sbdb_lookup.html#/?sstr=3835821;23.6;88941.6619267972;62884754.50229493;0.0506471459;0.1132504611
54017117;2024-06-02;2024-05-29;(2020 KN1);https://ssd.jpl.nasa.gov/tools/sbdb_lookup.html#/?sstr=54017117;22.98;42955.7523834949;41059740.11489393;0.067383719;0.1506745763
54153135;2024-06-02;2024-05-29;(2021 LV);https://ssd.jpl.nasa.gov/tools/sbdb_lookup.html#/?sstr=54153135;27.92;55968.1373193214;4608600.335722022;0.0069271561;0.015489592
54194359;2024-06-02;2024-05-29;(2021 RJ6);https://ssd.jpl.nasa.gov/tools/sbdb_lookup.html#/?sstr=54194359;26.66;22319.3031048527;14098881.372201232;0.0123752784;0.0276719637
54209305;2024-06-02;2024-05-29;(2021 TM14);https://ssd.jpl.nasa.gov/tools/sbdb_lookup.html#/?sstr=54209305;27.98;45011.6597115248;23324529.655846726;0.0067383719;0.0150674576
54212701;2024-06-02;2024-05-29;(2021 UH2);https://ssd.jpl.nasa.gov/tools/sbdb_lookup.html#/?sstr=54212701;25.09;21305.4412580244;28416534.564771958;0.0255008688;0.0570216761
54285295;2024-06-02;2024-05-29;(2022 MB);https://ssd.jpl.nasa.gov/tools/sbdb_lookup.html#/?sstr=54285295;24.08;32303.8611790878;14571678.498995064;0.0406027058;0.0907904103
54352302;2024-06-02;2024-05-29;(2023 FO4);https://ssd.jpl.nasa.gov/tools/sbdb_lookup.html#/?sstr=54352302;26.49;67463.6730776057;67919268.17187023;0.0133830462;0.029925401
54423322;2024-06-02;2024-05-29;(2024 BE5);https://ssd.jpl.nasa.gov/tools/sbdb_lookup.html#/?sstr=54423322;25.52;19814.9416443376;48340272.56695055;0.0209196771;0.04677782
54439323;2024-06-02;2024-05-29;(2024 JG);https://ssd.jpl.nasa.gov/tools/sbdb_lookup.html#/?sstr=54439323;25.239;26511.0340374241;3341309.236748936;0.0238097577;0.0532402368
54440643;2024-06-02;2024-05-29;(2024 JS3);https://ssd.jpl.nasa.gov/tools/sbdb_lookup.html#/?sstr=54440643;21.133;47746.9833643523;72345114.94750862;0.1577447727;0.3527280348
54440649;2024-06-02;2024-05-29;(2024 JC6);https://ssd.jpl.nasa.gov/tools/sbdb_lookup.html#/?sstr=54440649;25.263;18744.742507837;12988275.71631407;0.0235480515;0.0526550438
54444952;2024-06-02;2024-05-29;(2024 KP);https://ssd.jpl.nasa.gov/tools/sbdb_lookup.html#/?sstr=54444952;25.827;44042.2358639713;809494.928513078;0.0181616364;0.0406106536
54444954;2024-06-02;2024-05-29;(2024 KQ);https://ssd.jpl.nasa.gov/tools/sbdb_lookup.html#/?sstr=54444954;25.813;29840.1676673974;3734584.848183673;0.0182791071;0.040873326
54444953;2024-06-02;2024-05-29;(2024 KR);https://ssd.jpl.nasa.gov/tools/sbdb_lookup.html#/?sstr=54444953;21.727;61647.8138266723;6202422.370691923;0.1199927417;0.2683119273
54444957;2024-06-02;2024-05-29;(2024 KU);https://ssd.jpl.nasa.gov/tools/sbdb_lookup.html#/?sstr=54444957;28.167;33977.1032565911;596746.35222361;0.0061823698;0.0138241991
2481032;2024-06-02;2024-05-27;481032 (2004 YZ23);https://ssd.jpl.nasa.gov/tools/sbdb_lookup.html#/?sstr=2481032;15.29;107326.5891554232;48813414.05308133;2.3257068746;5.2004386672
3359282;2024-06-02;2024-05-27;(2006 WN3);https://ssd.jpl.nasa.gov/tools/sbdb_lookup.html#/?sstr=3359282;19.89;75400.3335716482;27090963.277202137;0.2796114661;0.6252302454
3618064;2024-06-02;2024-05-27;(2012 WF);https://ssd.jpl.nasa.gov/tools/sbdb_lookup.html#/?sstr=3618064;26.1;61287.7200793189;54088736.59581881;0.0160160338;0.0358129403
3709963;2024-06-02;2024-05-27;(2015 CD1);https://ssd.jpl.nasa.gov/tools/sbdb_lookup.html#/?sstr=3709963;28.2;21445.1151034215;55001469.17897654;0.0060891262;0.0136157002
3720359;2024-06-02;2024-05-27;(2015 KU121);https://ssd.jpl.nasa.gov/tools/sbdb_lookup.html#/?sstr=3720359;22.9;85770.7465635889;36920334.574296355;0.0699125232;0.1563291544
3761035;2024-06-02;2024-05-27;(2016 TB57);https://ssd.jpl.nasa.gov/tools/sbdb_lookup.html#/?sstr=3761035;26.1;15084.7768906264;32741641.970194686;0.0160160338;0.0358129403
3775158;2024-06-02;2024-05-27;(2017 KQ34);https://ssd.jpl.nasa.gov/tools/sbdb_lookup.html#/?sstr=3775158;18.68;143197.9223073278;74757643.16048026;0.4881518917;1.0915408131
3836192;2024-06-02;2024-05-27;(2018 VO7);https://ssd.jpl.nasa.gov/tools/sbdb_lookup.html#/?sstr=3836192;23.7;40503.5939437848;74479586.82621379;0.0483676488;0.1081533507
54153133;2024-06-02;2024-05-27;(2021 LU);https://ssd.jpl.nasa.gov/tools/sbdb_lookup.html#/?sstr=54153133;23.65;101431.9496207768;55722424.06957778;0.0494942761;0.1106725658
54220858;2024-06-02;2024-05-27;(2021 VO22);https://ssd.jpl.nasa.gov/tools/sbdb_lookup.html#/?sstr=54220858;22.81;78050.8530150718;69204639.23557769;0.0728710415;0.1629446024
54408196;2024-06-02;2024-05-27;(2023 WU2);https://ssd.jpl.nasa.gov/tools/sbdb_lookup.html#/?sstr=54408196;22.48;32502.5532023894;68299187.67051157;0.0848310762;0.189688053
54441875;2024-06-02;2024-05-27;(2024 JO16);https://ssd.jpl.nasa.gov/tools/sbdb_lookup.html#/?sstr=54441875;26.265;31675.0826241851;3063671.522202091;0.0148441378;0.0331925011
54445311;2024-06-02;2024-05-27;(2024 KS1);https://ssd.jpl.nasa.gov/tools/sbdb_lookup.html#/?sstr=54445311;26.965;44649.2033896363;2436783.54786004;0.0107536272;0.0240458414
2304330;2024-06-02;2024-05-28;304330 (2006 SX217);https://ssd.jpl.nasa.gov/tools/sbdb_lookup.html#/?sstr=2304330;18.9;62028.0447558073;55031533.27947874;0.4411182;0.9863702813
2422659;2024-06-02;2024-05-28;422659 (1998 LD);https://ssd.jpl.nasa.gov/tools/sbdb_lookup.html#/?sstr=2422659;20.08;41403.1960318669;29078722.191071536;0.2561857545;0.5728487619
3413076;2024-06-02;2024-05-28;(2008 LD);https://ssd.jpl.nasa.gov/tools/sbdb_lookup.html#/?sstr=3413076;28.9;16069.9653405404;2941351.267978743;0.004411182;0.0098637028
3655738;2024-06-02;2024-05-28;(2013 YW102);https://ssd.jpl.nasa.gov/tools/sbdb_lookup.html#/?sstr=3655738;23.6;50937.351700451;59174005.42681345;0.0506471459;0.1132504611
3683472;2024-06-02;2024-05-28;(2014 QZ295);https://ssd.jpl.nasa.gov/tools/sbdb_lookup.html#/?sstr=3683472;24.8;88565.468057361;74701417.08527671;0.0291443905;0.0651688382
3829424;2024-06-02;2024-05-28;(2018 RO5);https://ssd.jpl.nasa.gov/tools/sbdb_lookup.html#/?sstr=3829424;25.61;30397.8007627648;37955946.055003375;0.0200703514;0.0448786701
3841619;2024-06-02;2024-05-28;(2019 HH3);https://ssd.jpl.nasa.gov/tools/sbdb_lookup.html#/?sstr=3841619;25.5;62347.9815266681;35336197.98414344;0.0211132445;0.0472106499
3991576;2024-06-02;2024-05-28;(2020 CF2);https://ssd.jpl.nasa.gov/tools/sbdb_lookup.html#/?sstr=3991576;27.6;20477.5068149022;51446224.89027138;0.0080270317;0.0179489885
54006021;2024-06-02;2024-05-28;(2020 DP4);https://ssd.jpl.nasa.gov/tools/sbdb_lookup.html#/?sstr=54006021;25.18;23886.6694478235;20695433.06449262;0.0244655496;0.0547066321
54017261;2024-06-02;2024-05-28;(2020 KQ5);https://ssd.jpl.nasa.gov/tools/sbdb_lookup.html#/?sstr=54017261;20.1;118250.327126808;28033716.113726385;0.2538370294;0.5675968529
54149827;2024-06-02;2024-05-28;(2021 KO2);https://ssd.jpl.nasa.gov/tools/sbdb_lookup.html#/?sstr=54149827;28.02;47023.0931042082;11710838.201647382;0.0066153828;0.0147924455
54217964;2024-06-02;2024-05-28;(2021 VO6);https://ssd.jpl.nasa.gov/tools/sbdb_lookup.html#/?sstr=54217964;21.11;35814.4826242509;49841424.466013655;0.1594244681;0.3564839479
54327478;2024-06-02;2024-05-28;(2022 WR);https://ssd.jpl.nasa.gov/tools/sbdb_lookup.html#/?sstr=54327478;25.38;59243.3872615782;50882403.27893969;0.0223128464;0.0498930414
54359396;2024-06-02;2024-05-28;(2023 KG1);https://ssd.jpl.nasa.gov/tools/sbdb_lookup.html#/?sstr=54359396;24.95;81140.0350703119;64760567.624627605;0.0271991277;0.0608190985
54360724;2024-06-02;2024-05-28;(2023 KF5);https://ssd.jpl.nasa.gov/tools/sbdb_lookup.html#/?sstr=54360724;26.45;48626.8995587112;55901424.39862056;0.0136318556;0.0304817558
54442321;2024-06-02;2024-05-28;(2024 JV17);https://ssd.jpl.nasa.gov/tools/sbdb_lookup.html#/?sstr=54442321;24.602;30140.4922332482;6609617.495458254;0.0319267695;0.0713904269
3012392;2024-06-02;2024-06-01;(1998 KY26);https://ssd.jpl.nasa.gov/tools/sbdb_lookup.html#/?sstr=3012392;25.74;18937.115000871;4589323.498268923;0.0189040552;0.0422707525
3092517;2024-06-02;2024-06-01;(2001 WK15);https://ssd.jpl.nasa.gov/tools/sbdb_lookup.html#/?sstr=3092517;21.34;48653.3677450187;62533984.83677328;0.1434019235;0.320656449
3370021;2024-06-02;2024-06-01;(2007 EC);https://ssd.jpl.nasa.gov/tools/sbdb_lookup.html#/?sstr=3370021;22.23;13332.1365686651;21555412.486998856;0.095182033;0.212833496
3738911;2024-06-02;2024-06-01;(2015 YA1);https://ssd.jpl.nasa.gov/tools/sbdb_lookup.html#/?sstr=3738911;24.5;58044.4213094903;51635501.18676317;0.0334622374;0.0748238376
3752784;2024-06-02;2024-06-01;(2016 JC6);https://ssd.jpl.nasa.gov/tools/sbdb_lookup.html#/?sstr=3752784;21.38;25519.8768821563;7604637.149958626;0.1407845434;0.3148038092
3752802;2024-06-02;2024-06-01;(2016 JN6);https://ssd.jpl.nasa.gov/tools/sbdb_lookup.html#/?sstr=3752802;25.9;52303.7340174488;61978463.8278162;0.0175612318;0.0392681082
3774012;2024-06-02;2024-06-01;(2017 HK1);https://ssd.jpl.nasa.gov/tools/sbdb_lookup.html#/?sstr=3774012;25.1;49130.0933771426;50631429.99346016;0.0253837029;0.0567596853
3989159;2024-06-02;2024-06-01;(2020 BZ6);https://ssd.jpl.nasa.gov/tools/sbdb_lookup.html#/?sstr=3989159;25.5;19680.7293211861;48663746.08151945;0.0211132445;0.0472106499
54376459;2024-06-02;2024-06-01;(2023 OE5);https://ssd.jpl.nasa.gov/tools/sbdb_lookup.html#/?sstr=54376459;26.34;11944.3876016436;20472405.76815332;0.0143401923;0.0320656449
54415889;2024-06-02;2024-06-01;(2023 XM10);https://ssd.jpl.nasa.gov/tools/sbdb_lookup.html#/?sstr=54415889;23.63;36375.9421735732;40572308.84574352;0.049952241;0.1116966065
54439432;2024-06-02;2024-06-01;(2024 JC1);https://ssd.jpl.nasa.gov/tools/sbdb_lookup.html#/?sstr=54439432;25.094;17338.9978219896;5782214.370485133;0.0254539377;0.056916735
54439713;2024-06-02;2024-06-01;(2024 JP1);https://ssd.jpl.nasa.gov/tools/sbdb_lookup.html#/?sstr=54439713;25.788;17015.9615231724;7072635.858283796;0.0184907691;0.0413466168
54445199;2024-06-02;2024-06-01;(2024 KB1);https://ssd.jpl.nasa.gov/tools/sbdb_lookup.html#/?sstr=54445199;28.211;39798.8458271435;364228.447333216;0.0060583586;0.0135469017
54445203;2024-06-02;2024-06-01;(2024 KE1);https://ssd.jpl.nasa.gov/tools/sbdb_lookup.html#/?sstr=54445203;24.229;38935.6807173527;14265258.647933189;0.0379101041;0.0847695697
54445307;2024-06-02;2024-06-01;(2024 KO1);https://ssd.jpl.nasa.gov/tools/sbdb_lookup.html#/?sstr=54445307;27.069;25071.1270628033;2776103.246728267;0.0102507343;0.0229213387
54445313;2024-06-02;2024-06-01;(2024 KU1);https://ssd.jpl.nasa.gov/tools/sbdb_lookup.html#/?sstr=54445313;26.184;25200.2352566515;8328380.634615394;0.0154083089;0.0344540261
2065679;2024-06-02;2024-05-30;65679 (1989 UQ);https://ssd.jpl.nasa.gov/tools/sbdb_lookup.html#/?sstr=2065679;19.62;28587.7082054943;41483956.66482631;0.3166321257;0.708010957
2162472;2024-06-02;2024-05-30;162472 (2000 LL);https://ssd.jpl.nasa.gov/tools/sbdb_lookup.html#/?sstr=2162472;19.17;58356.5534551123;25387793.038190626;0.3895426161;0.8710437698
3427460;2024-06-02;2024-05-30;(2008 ST);https://ssd.jpl.nasa.gov/tools/sbdb_lookup.html#/?sstr=3427460;27.1;43720.5485785302;45566917.477973536;0.0101054342;0.0225964377
3842904;2024-06-02;2024-05-30;(2019 LR5);https://ssd.jpl.nasa.gov/tools/sbdb_lookup.html#/?sstr=3842904;26.2;68935.5991710385;35270472.45915468;0.0152951935;0.0342010925
3989253;2024-06-02;2024-05-30;(2020 BD11);https://ssd.jpl.nasa.gov/tools/sbdb_lookup.html#/?sstr=3989253;24.29;38228.096201359;42459172.73281352;0.0368599699;0.0824213984
54417543;2024-06-02;2024-05-30;(2023 YD);https://ssd.jpl.nasa.gov/tools/sbdb_lookup.html#/?sstr=54417543;25.61;22740.8587199823;73949212.36649585;0.0200703514;0.0448786701
54417658;2024-06-02;2024-05-30;(2023 YX);https://ssd.jpl.nasa.gov/tools/sbdb_lookup.html#/?sstr=54417658;23.34;35211.6235436022;46758712.126917966;0.057089334;0.1276556316
54440002;2024-06-02;2024-05-30;(2024 JA3);https://ssd.jpl.nasa.gov/tools/sbdb_lookup.html#/?sstr=54440002;24.98;30555.3917590404;2386484.55522568;0.0268259417;0.0599846292
54441083;2024-06-02;2024-05-30;(2024 JE8);https://ssd.jpl.nasa.gov/tools/sbdb_lookup.html#/?sstr=54441083;22.955;61454.7615554111;16694843.561248615;0.0681639857;0.1524193056
54444997;2024-06-02;2024-05-30;(2024 KY);https://ssd.jpl.nasa.gov/tools/sbdb_lookup.html#/?sstr=54444997;26.217;25832.1018833355;1432760.450272227;0.0151759182;0.0339343847
54445457;2024-06-02;2024-05-30;(2024 LB);https://ssd.jpl.nasa.gov/tools/sbdb_lookup.html#/?sstr=54445457;27.405;18826.5105150823;2982337.105055401;0.0087812224;0.0196354102
3441025;2024-06-02;2024-05-31;(2008 XH);https://ssd.jpl.nasa.gov/tools/sbdb_lookup.html#/?sstr=3441025;22.7;52900.1087037923;5288370.783114398;0.0766575574;0.1714115092
3595919;2024-06-02;2024-05-31;(2012 BN1);https://ssd.jpl.nasa.gov/tools/sbdb_lookup.html#/?sstr=3595919;25.52;19126.8999761086;31525173.246963948;0.0209196771;0.04677782
3744561;2024-06-02;2024-05-31;(2016 CN248);https://ssd.jpl.nasa.gov/tools/sbdb_lookup.html#/?sstr=3744561;27.3;60836.300714178;64044940.10865429;0.0092162655;0.0206081961
3776072;2024-06-02;2024-05-31;(2017 MD4);https://ssd.jpl.nasa.gov/tools/sbdb_lookup.html#/?sstr=3776072;21.02;45902.2106821914;35265618.30746892;0.1661709017;0.3715694322
3781408;2024-06-02;2024-05-31;(2017 RP2);https://ssd.jpl.nasa.gov/tools/sbdb_lookup.html#/?sstr=3781408;23.62;19447.431053788;42438266.026566766;0.0501828101;0.1122121746
3789639;2024-06-02;2024-05-31;(2017 WC14);https://ssd.jpl.nasa.gov/tools/sbdb_lookup.html#/?sstr=3789639;25.6;75152.5579721286;56757880.417293616;0.0201629919;0.0450858206
3838138;2024-06-02;2024-05-31;(2019 CC2);https://ssd.jpl.nasa.gov/tools/sbdb_lookup.html#/?sstr=3838138;26.3;22184.2285074217;50640488.683040984;0.0146067964;0.0326617897
3842884;2024-06-02;2024-05-31;(2019 LJ5);https://ssd.jpl.nasa.gov/tools/sbdb_lookup.html#/?sstr=3842884;24.4;40933.2902631008;33913886.10734264;0.0350392641;0.0783501764
54266165;2024-06-02;2024-05-31;(2022 FA4);https://ssd.jpl.nasa.gov/tools/sbdb_lookup.html#/?sstr=54266165;25.71;17964.9492153761;27265486.037277296;0.0191670368;0.0428587972
54330039;2024-06-02;2024-05-31;(2022 WO7);https://ssd.jpl.nasa.gov/tools/sbdb_lookup.html#/?sstr=54330039;24.56;38875.6858544035;12570912.155047672;0.0325502986;0.0727846803
54429477;2024-06-02;2024-05-31;(2024 EM);https://ssd.jpl.nasa.gov/tools/sbdb_lookup.html#/?sstr=54429477;21.44;27776.2255119249;19060060.05657256;0.1369477737;0.3062245314
54444996;2024-06-02;2024-05-31;(2024 KX);https://ssd.jpl.nasa.gov/tools/sbdb_lookup.html#/?sstr=54444996;27.601;29704.2516886322;290759.482276877;0.0080233359;0.0179407246
2447655;2024-06-02;2024-05-26;447655 (2006 WA);https://ssd.jpl.nasa.gov/tools/sbdb_lookup.html#/?sstr=2447655;20.01;50360.0975283643;66341112.340002246;0.2645787599;0.5916160926
2484795;2024-06-02;2024-05-26;484795 (2009 DE47);https://ssd.jpl.nasa.gov/tools/sbdb_lookup.html#/?sstr=2484795;18.58;38996.4326515121;71102093.55977924;0.5111577815;1.1429835468
3342318;2024-06-02;2024-05-26;(2006 SY5);https://ssd.jpl.nasa.gov/tools/sbdb_lookup.html#/?sstr=3342318;22.0;32271.5127018891;31489964.879626688;0.1058168859;0.2366137501
3529587;2024-06-02;2024-05-26;(2010 LJ61);https://ssd.jpl.nasa.gov/tools/sbdb_lookup.html#/?sstr=3529587;20.95;34914.8164029724;43940820.77965581;0.1716148941;0.3837425691
3752782;2024-06-02;2024-05-26;(2016 JA6);https://ssd.jpl.nasa.gov/tools/sbdb_lookup.html#/?sstr=3752782;26.3;28944.4505272622;54752672.49762614;0.0146067964;0.0326617897
3764822;2024-06-02;2024-05-26;(2016 WY7);https://ssd.jpl.nasa.gov/tools/sbdb_lookup.html#/?sstr=3764822;22.77;66774.2188210456;53166385.21369517;0.0742258153;0.1659739687
3910108;2024-06-02;2024-05-26;(2019 XD3);https://ssd.jpl.nasa.gov/tools/sbdb_lookup.html#/?sstr=3910108;20.01;136352.3064827576;48006479.94090692;0.2645787599;0.5916160926
54017080;2024-06-02;2024-05-26;(2020 KO);https://ssd.jpl.nasa.gov/tools/sbdb_lookup.html#/?sstr=54017080;23.8;89063.8339453031;64359975.40576798;0.046190746;0.1032856481
54431493;2024-06-02;2024-05-26;(2024 FZ);https://ssd.jpl.nasa.gov/tools/sbdb_lookup.html#/?sstr=54431493;20.32;36424.2569502697;21618335.011657212;0.229379698;0.5129085974
54439886;2024-06-02;2024-05-26;(2024 JY1);https://ssd.jpl.nasa.gov/tools/sbdb_lookup.html#/?sstr=54439886;24.232;37081.8443699125;6692055.46617236;0.0378577655;0.0846525371
54441080;2024-06-02;2024-05-26;(2024 JC7);https://ssd.jpl.nasa.gov/tools/sbdb_lookup.html#/?sstr=54441080;24.904;26072.6886146811;17748429.77954826;0.0277814543;0.0621212204
54444951;2024-06-02;2024-05-26;(2024 KO);https://ssd.jpl.nasa.gov/tools/sbdb_lookup.html#/?sstr=54444951;23.69;41570.7362978976;8762684.71851974;0.0485909037;0.1086525639
2014827;2024-06-02;2024-06-02;14827 Hypnos (1986 JK);https://ssd.jpl.nasa.gov/tools/sbdb_lookup.html#/?sstr=2014827;18.84;50204.3487937679;11735068.808007874;0.453476699;1.0140047252
2101955;2024-06-02;2024-06-02;101955 Bennu (1999 RQ36);https://ssd.jpl.nasa.gov/tools/sbdb_lookup.html#/?sstr=2101955;20.21;23815.1451491229;53827044.009602495;0.2412986969;0.5395602892
2267337;2024-06-02;2024-06-02;267337 (2001 VK5);https://ssd.jpl.nasa.gov/tools/sbdb_lookup.html#/?sstr=2267337;18.04;48666.7271906928;45584848.54794791;0.6554732558;1.4656827575
3167364;2024-06-02;2024-06-02;(2003 WJ98);https://ssd.jpl.nasa.gov/tools/sbdb_lookup.html#/?sstr=3167364;23.05;44665.7829488356;72593654.574839;0.065246163;0.1458948557
3634389;2024-06-02;2024-06-02;(2013 GS38);https://ssd.jpl.nasa.gov/tools/sbdb_lookup.html#/?sstr=3634389;19.85;58885.2968296032;34402806.89256507;0.2848098313;0.6368541435
3721118;2024-06-02;2024-06-02;(2015 LG14);https://ssd.jpl.nasa.gov/tools/sbdb_lookup.html#/?sstr=3721118;23.21;24221.0733828454;27316936.454797477;0.0606114923;0.1355314169
3724245;2024-06-02;2024-06-02;(2015 OQ21);https://ssd.jpl.nasa.gov/tools/sbdb_lookup.html#/?sstr=3724245;27.9;72772.8511230216;58407655.97510772;0.0069912523;0.0156329154
3773930;2024-06-02;2024-06-02;(2017 GM7);https://ssd.jpl.nasa.gov/tools/sbdb_lookup.html#/?sstr=3773930;18.9;70172.4674999783;35078901.00222177;0.4411182;0.9863702813
3825059;2024-06-02;2024-06-02;(2018 LB);https://ssd.jpl.nasa.gov/tools/sbdb_lookup.html#/?sstr=3825059;26.0;42105.0982157957;20085697.563050732;0.0167708462;0.0375007522
54104267;2024-06-02;2024-06-02;(2021 AR);https://ssd.jpl.nasa.gov/tools/sbdb_lookup.html#/?sstr=54104267;23.95;58378.2492020872;51675407.435851194;0.0431077124;0.0963917753
54157350;2024-06-02;2024-06-02;(2021 LR2);https://ssd.jpl.nasa.gov/tools/sbdb_lookup.html#/?sstr=54157350;24.99;73565.3004355112;65702543.38997593;0.0267026877;0.0597090249
54210930;2024-06-02;2024-06-02;(2021 UK);https://ssd.jpl.nasa.gov/tools/sbdb_lookup.html#/?sstr=54210930;24.71;26959.6445692136;70832052.67938738;0.0303777061;0.0679266159
54225726;2024-06-02;2024-06-02;(2021 XF);https://ssd.jpl.nasa.gov/tools/sbdb_lookup.html#/?sstr=54225726;28.35;53393.3603700793;64869443.42851533;0.0056827032;0.0127069107
54248851;2024-06-02;2024-06-02;(2022 DU4);https://ssd.jpl.nasa.gov/tools/sbdb_lookup.html#/?sstr=54248851;23.62;32020.0384709094;37117790.55320443;0.0501828101;0.1122121746
54360100;2024-06-02;2024-06-02;(2023 KK4);https://ssd.jpl.nasa.gov/tools/sbdb_lookup.html#/?sstr=54360100;27.56;82385.0975838643;27399425.43838525;0.0081762653;0.0182826851
54412468;2024-06-02;2024-06-02;(2023 XQ);https://ssd.jpl.nasa.gov/tools/sbdb_lookup.html#/?sstr=54412468;25.29;55428.7480915792;62764579.28705015;0.0232570687;0.0520043867
54430149;2024-06-02;2024-06-02;(2024 ER2);https://ssd.jpl.nasa.gov/tools/sbdb_lookup.html#/?sstr=54430149;20.31;62507.8130053385;49524486.62806868;0.2304384666;0.5152760759
54441685;2024-06-02;2024-06-02;(2024 JV14);https://ssd.jpl.nasa.gov/tools/sbdb_lookup.html#/?sstr=54441685;23.784;59765.772220983;9111988.549312191;0.046532349;0.1040494955
54445206;2024-06-02;2024-06-02;(2024 KJ1);https://ssd.jpl.nasa.gov/tools/sbdb_lookup.html#/?sstr=54445206;26.164;14828.6851687488;7802727.902548689;0.0155508802;0.0347728253
2419624;2024-06-03;2024-06-03;419624 (2010 SO16);https://ssd.jpl.nasa.gov/tools/sbdb_lookup.html#/?sstr=2419624;20.44;59564.6284812916;66585937.018386704;0.2170475943;0.4853331752
3398649;2024-06-03;2024-06-03;(2007 YN56);https://ssd.jpl.nasa.gov/tools/sbdb_lookup.html#/?sstr=3398649;23.0;50965.9486333704;18684956.4724014;0.0667659413;0.1492931834
54320728;2024-06-03;2024-06-03;(2022 UM11);https://ssd.jpl.nasa.gov/tools/sbdb_lookup.html#/?sstr=54320728;24.67;48560.2646161104;56476688.915586204;0.0309424699;0.069189466
54359707;2024-06-03;2024-06-03;(2023 KD2);https://ssd.jpl.nasa.gov/tools/sbdb_lookup.html#/?sstr=54359707;24.9;73026.4592170894;62700669.341650856;0.0278326768;0.0622357573
54381665;2024-06-03;2024-06-03;(2023 RF4);https://ssd.jpl.nasa.gov/tools/sbdb_lookup.html#/?sstr=54381665;25.26;48793.3417094566;59571132.106296028;0.0235806068;0.0527278398
54404103;2024-06-03;2024-06-03;(2023 VO6);https://ssd.jpl.nasa.gov/tools/sbdb_lookup.html#/?sstr=54404103;28.11;19951.6326092883;22670027.350842232;0.0063468024;0.0141918816
54444998;2024-06-03;2024-06-03;(2024 KZ);https://ssd.jpl.nasa.gov/tools/sbdb_lookup.html#/?sstr=54444998;24.891;35467.5927067459;4387865.522021965;0.027948273;0.0624942383
54445208;2024-06-03;2024-06-03;(2024 KL1);https://ssd.jpl.nasa.gov/tools/sbdb_lookup.html#/?sstr=54445208;22.707;112613.5139778461;10530545.47469663;0.0764108405;0.1708598335
54445312;2024-06-03;2024-06-03;(2024 KT1);https://ssd.jpl.nasa.gov/tools/sbdb_lookup.html#/?sstr=54445312;27.02;25788.3541561596;1853388.850413291;0.0104846751;0.0234444462
